<?xml version="1.0" encoding="UTF-8"?><feature      id="org.eclipse.rcp"      label="%featureName"      version="3.4.200.R342_v20090122-989JESTEbig-SVaL8UJHcYBr4A63"      provider-name="%providerName"      plugin="org.eclipse.rcp"      image="eclipse_update_120.jpg">   <description>      %description   </description>   <copyright>      %copyright   </copyright>   <license url="%licenseURL">      %license   </license>   <url>      <update label="%updateSiteName" url="http://download.eclipse.org/eclipse/updates/3.4"/>   </url>   <plugin         id="com.ibm.icu.base"         download-size="0"         install-size="0"         version="3.8.1.v20080530"         unpack="false"/>   <plugin         id="org.eclipse.core.commands"         download-size="0"         install-size="0"         version="3.4.0.I20080509-2000"         unpack="false"/>   <plugin         id="org.eclipse.core.databinding"         download-size="0"         install-size="0"         version="1.1.1.M20080827-0800b"         unpack="false"/>   <plugin         id="org.eclipse.core.databinding.beans"         download-size="0"         install-size="0"         version="1.1.1.M20080827-0800a"         unpack="false"/>   <plugin         id="org.eclipse.core.jobs"         download-size="0"         install-size="0"         version="3.4.1.R34x_v20081128"         unpack="false"/>   <plugin         id="org.eclipse.core.expressions"         download-size="0"         install-size="0"         version="3.4.1.r342_v20081203-0800"         unpack="false"/>   <plugin         id="org.eclipse.core.runtime"         download-size="0"         install-size="0"         version="3.4.0.v20080512"         unpack="false"/>   <plugin         id="org.eclipse.core.runtime.compatibility.auth"         download-size="0"         install-size="0"         version="3.2.100.v20070502"         unpack="false"/>   <plugin         id="org.eclipse.osgi"         download-size="0"         install-size="0"         version="3.4.3.R34x_v20081215-1030"         unpack="false"/>   <plugin         id="org.eclipse.help"         download-size="0"         install-size="0"         version="3.3.102.v20081014_34x"         unpack="false"/>   <plugin id="org.eclipse.swt" download-size="0" install-size="0" version="3.7.0.v3735b" unpack="false" />   <plugin         id="org.eclipse.jface"         download-size="0"         install-size="0"         version="3.4.2.M20090107-0800"         unpack="false"/>   <plugin         id="org.eclipse.jface.databinding"         download-size="0"         install-size="0"         version="1.2.1.M20080827-0800a"         unpack="false"/>   <plugin         id="org.eclipse.ui"         download-size="0"         install-size="0"         version="3.4.2.M20090204-0800"         unpack="false"/>   <plugin         id="org.eclipse.ui.workbench"         download-size="0"         install-size="0"         version="3.4.2.M20090127-1700"         unpack="false"/>   <plugin         id="org.eclipse.ui.carbon"         os="macosx"         ws="carbon"         download-size="0"         install-size="0"         version="4.0.0.I20080610-1200"         fragment="true"         unpack="false"/>   <plugin         id="org.eclipse.update.configurator"         download-size="0"         install-size="0"         version="3.2.201.R34x_v20080819"         unpack="false"/>   <plugin         id="org.eclipse.equinox.simpleconfigurator"         download-size="0"         install-size="0"         version="1.0.0.v20080604"         unpack="false"/>   <plugin id="org.eclipse.swt.win32.win32.x86" os="win32" ws="win32" arch="x86" download-size="0" install-size="0" version="3.7.0.v3735b" fragment="true" unpack="false" />  <plugin id="org.eclipse.swt.win32.win32.x86_64" os="win32" ws="win32" arch="x86_64" download-size="0" install-size="0" version="3.7.0.v3735b" fragment="true" unpack="false" />  <plugin id="org.eclipse.swt.gtk.linux.x86" os="linux" ws="gtk" arch="x86" download-size="0" install-size="0" version="3.7.0.v3735b" fragment="true" unpack="false" />  <plugin id="org.eclipse.swt.gtk.linux.s390x" os="linux" ws="gtk" arch="s390x" download-size="0" install-size="0" version="3.7.0.v3735b" fragment="true" unpack="false" />  <plugin id="org.eclipse.swt.gtk.linux.s390" os="linux" ws="gtk" arch="s390" download-size="0" install-size="0" version="3.7.0.v3735b" fragment="true" unpack="false" />  <plugin id="org.eclipse.swt.gtk.solaris.sparc" os="solaris" ws="gtk" arch="sparc" download-size="0" install-size="0" version="3.7.0.v3735b" fragment="true" unpack="false" />  <plugin id="org.eclipse.swt.gtk.solaris.x86" os="solaris" ws="gtk" arch="x86" download-size="0" install-size="0" version="3.7.0.v3735b" fragment="true" unpack="false" />  <plugin id="org.eclipse.swt.gtk.linux.ppc64" os="linux" ws="gtk" arch="ppc64" download-size="0" install-size="0" version="3.7.0.v3735b" fragment="true" unpack="false" />  <plugin id="org.eclipse.swt.gtk.linux.x86_64" os="linux" ws="gtk" arch="x86_64" download-size="0" install-size="0" version="3.7.0.v3735b" fragment="true" unpack="false" />  <plugin id="org.eclipse.swt.carbon.macosx" os="macosx" ws="carbon" arch="ppc" download-size="0" install-size="0" version="3.7.0.v3735b" fragment="true" unpack="false" />  <plugin id="org.eclipse.swt.carbon.macosx" os="macosx" ws="carbon" arch="x86" download-size="0" install-size="0" version="3.7.0.v3735b" fragment="true" unpack="false" />  <plugin id="org.eclipse.swt.cocoa.macosx" os="macosx" ws="cocoa" arch="ppc" download-size="0" install-size="0" version="3.7.0.v3735b" fragment="true" unpack="false" />  <plugin id="org.eclipse.swt.cocoa.macosx" os="macosx" ws="cocoa" arch="x86" download-size="0" install-size="0" version="3.7.0.v3735b" fragment="true" unpack="false" />  <plugin id="org.eclipse.swt.cocoa.macosx.x86_64" os="macosx" ws="cocoa" arch="x86_64" download-size="0" install-size="0" version="3.7.0.v3735b" fragment="true" unpack="false" />  <plugin id="org.eclipse.swt.gtk.aix.ppc" os="aix" ws="gtk" arch="ppc" download-size="0" install-size="0" version="3.7.0.v3735b" fragment="true" unpack="false" />  <plugin id="org.eclipse.swt.gtk.aix.ppc64" os="aix" ws="gtk" arch="ppc64" download-size="0" install-size="0" version="3.7.0.v3735b" fragment="true" unpack="false" />  <plugin id="org.eclipse.swt.gtk.hpux.ia64_32" os="hpux" ws="gtk" arch="ia64_32" download-size="0" install-size="0" version="3.7.0.v3735b" fragment="true" unpack="false" />   <plugin         id="org.eclipse.rcp"         download-size="0"         install-size="0"         version="3.4.1.R342_v20090205"         unpack="false"/>   <plugin         id="org.eclipse.core.contenttype"         download-size="0"         install-size="0"         version="3.3.0.v20080604-1400"         unpack="false"/>   <plugin         id="org.eclipse.equinox.app"         download-size="0"         install-size="0"         version="1.1.0.v20080421-2006"         unpack="false"/>   <plugin         id="org.eclipse.equinox.common"         download-size="0"         install-size="0"         version="3.4.0.v20080421-2006"         unpack="false"/>   <plugin         id="org.eclipse.equinox.preferences"         download-size="0"         install-size="0"         version="3.2.201.R34x_v20080709"         unpack="false"/>   <plugin         id="org.eclipse.equinox.registry"         download-size="0"         install-size="0"         version="3.4.0.v20080516-0950"         unpack="false"/>   <plugin id="org.eclipse.equinox.launcher" download-size="0" install-size="0" version="1.2.0.v20110502" unpack="false" />    <plugin id="org.eclipse.equinox.launcher.gtk.solaris.sparc" os="solaris" ws="gtk" arch="sparc" download-size="0" install-size="0" version="1.1.100.v20110505" fragment="true" />   <plugin id="org.eclipse.equinox.launcher.gtk.solaris.x86" os="solaris" ws="gtk" arch="x86" download-size="0" install-size="0" version="1.1.100.v20110505" fragment="true" />   <plugin id="org.eclipse.equinox.launcher.carbon.macosx" os="macosx" ws="carbon" arch="ppc" download-size="0" install-size="0" version="1.1.100.v20110502" fragment="true" />   <plugin id="org.eclipse.equinox.launcher.carbon.macosx" os="macosx" ws="carbon" arch="x86" download-size="0" install-size="0" version="1.1.100.v20110502" fragment="true" />   <plugin id="org.eclipse.equinox.launcher.cocoa.macosx" os="macosx" ws="cocoa" arch="ppc" download-size="0" install-size="0" version="1.1.100.v20110502" fragment="true" />   <plugin id="org.eclipse.equinox.launcher.cocoa.macosx" os="macosx" ws="cocoa" arch="x86" download-size="0" install-size="0" version="1.1.100.v20110502" fragment="true" />   <plugin id="org.eclipse.equinox.launcher.cocoa.macosx.x86_64" os="macosx" ws="cocoa" arch="x86_64" download-size="0" install-size="0" version="1.1.100.v20110502" fragment="true" />   <plugin id="org.eclipse.equinox.launcher.gtk.linux.ppc64" os="linux" ws="gtk" arch="ppc64" download-size="0" install-size="0" version="1.0.100.v20110505" fragment="true" />   <plugin id="org.eclipse.equinox.launcher.gtk.linux.x86" os="linux" ws="gtk" arch="x86" download-size="0" install-size="0" version="1.1.100.v20110505" fragment="true" />   <plugin id="org.eclipse.equinox.launcher.gtk.linux.s390x" os="linux" ws="gtk" arch="s390x" download-size="0" install-size="0" version="1.1.100.v20110505" fragment="true" />   <plugin id="org.eclipse.equinox.launcher.gtk.linux.s390" os="linux" ws="gtk" arch="s390" download-size="0" install-size="0" version="1.1.100.v20110505" fragment="true" />   <plugin id="org.eclipse.equinox.launcher.gtk.linux.x86_64" os="linux" ws="gtk" arch="x86_64" download-size="0" install-size="0" version="1.1.100.v20110505" fragment="true" />   <plugin id="org.eclipse.equinox.launcher.gtk.aix.ppc" os="aix" ws="gtk" arch="ppc" download-size="0" install-size="0" version="1.1.0.v20110530" fragment="true" />   <plugin id="org.eclipse.equinox.launcher.gtk.aix.ppc64" os="aix" ws="gtk" arch="ppc64" download-size="0" install-size="0" version="1.1.0.v20110530" fragment="true" />   <plugin id="org.eclipse.equinox.launcher.win32.win32.x86" os="win32" ws="win32" arch="x86" download-size="0" install-size="0" version="1.1.100.v20110502" fragment="true" />   <plugin id="org.eclipse.equinox.launcher.win32.win32.x86_64" os="win32" ws="win32" arch="x86_64" download-size="0" install-size="0" version="1.1.100.v20110502" fragment="true" /> </feature>