<?xml version="1.0" encoding="UTF-8"?>
<feature id="org.eclipse.rcp.source" version="3.4.200.R342_v20090122-989JESTEbig-SVaL8UJHcYBr4A63" label="%featureName" provider-name="%providerName" image="eclipse_update_120.jpg"    >
	<description >
		%description
	</description>
	<copyright >
		%copyright
	</copyright>
	<license url="%licenseURL">
		%license
	</license>
	<url>
		<update url="http://download.eclipse.org/eclipse/updates/3.4" label="%updateSiteName"/>
	</url>
	<plugin id="com.ibm.icu.base.source" version="3.8.1.v20080530"     unpack="false"/>
	<plugin id="org.eclipse.core.commands.source" version="3.4.0.I20080509-2000"     unpack="false"/>
	<plugin id="org.eclipse.core.databinding.source" version="1.1.1.M20080827-0800b"     unpack="false"/>
	<plugin id="org.eclipse.core.databinding.beans.source" version="1.1.1.M20080827-0800a"     unpack="false"/>
	<plugin id="org.eclipse.core.jobs.source" version="3.4.1.R34x_v20081128"     unpack="false"/>
	<plugin id="org.eclipse.core.expressions.source" version="3.4.1.r342_v20081203-0800"     unpack="false"/>
	<plugin id="org.eclipse.core.runtime.source" version="3.4.0.v20080512"     unpack="false"/>
	<plugin id="org.eclipse.core.runtime.compatibility.auth.source" version="3.2.100.v20070502"     unpack="false"/>
	<plugin id="org.eclipse.osgi.source" version="3.4.3.R34x_v20081215-1030"     unpack="false"/>
	<plugin id="org.eclipse.help.source" version="3.3.102.v20081014_34x"     unpack="false"/>
	<plugin id="org.eclipse.jface.source" version="3.4.2.M20090107-0800"     unpack="false"/>
	<plugin id="org.eclipse.jface.databinding.source" version="1.2.1.M20080827-0800a"     unpack="false"/>
	<plugin id="org.eclipse.ui.source" version="3.4.2.M20090204-0800"     unpack="false"/>
	<plugin id="org.eclipse.ui.workbench.source" version="3.4.2.M20090127-1700"     unpack="false"/>
	<plugin id="org.eclipse.ui.carbon.source" version="4.0.0.I20080610-1200" os="macosx"  ws="carbon"  unpack="false"/>
	<plugin id="org.eclipse.update.configurator.source" version="3.2.201.R34x_v20080819"     unpack="false"/>
	<plugin id="org.eclipse.equinox.simpleconfigurator.source" version="1.0.0.v20080604"     unpack="false"/>
  <plugin id="org.eclipse.swt.win32.win32.x86_64.source" version="3.7.0.v3735b" os="win32" arch="x86_64" ws="win32" unpack="false" /> 
  <plugin id="org.eclipse.swt.gtk.linux.x86.source" version="3.7.0.v3735b" os="linux" arch="x86" ws="gtk" unpack="false" /> 
  <plugin id="org.eclipse.swt.gtk.linux.s390x.source" version="3.7.0.v3735b" os="linux" arch="s390x" ws="gtk" unpack="false" /> 
  <plugin id="org.eclipse.swt.gtk.linux.s390.source" version="3.7.0.v3735b" os="linux" arch="s390" ws="gtk" unpack="false" /> 
  <plugin id="org.eclipse.swt.gtk.solaris.sparc.source" version="3.7.0.v3735b" os="solaris" arch="sparc" ws="gtk" unpack="false" /> 
  <plugin id="org.eclipse.swt.gtk.solaris.x86.source" version="3.7.0.v3735b" os="solaris" arch="x86" ws="gtk" unpack="false" /> 
  <plugin id="org.eclipse.swt.gtk.linux.ppc64.source" version="3.7.0.v3735b" os="linux" arch="ppc64" ws="gtk" unpack="false" /> 
  <plugin id="org.eclipse.swt.gtk.linux.x86_64.source" version="3.7.0.v3735b" os="linux" arch="x86_64" ws="gtk" unpack="false" /> 
  <plugin id="org.eclipse.swt.carbon.macosx.source" version="3.7.0.v3735b" os="macosx" arch="x86" ws="carbon" unpack="false" /> 
  <plugin id="org.eclipse.swt.cocoa.macosx.source" version="3.7.0.v3735b" os="macosx" arch="x86" ws="cocoa" unpack="false" /> 
  <plugin id="org.eclipse.swt.cocoa.macosx.x86_64.source" version="3.7.0.v3735b" os="macosx" arch="x86_64" ws="cocoa" unpack="false" /> 
  <plugin id="org.eclipse.swt.gtk.aix.ppc.source" version="3.7.0.v3735b" os="aix" arch="ppc" ws="gtk" unpack="false" /> 
  <plugin id="org.eclipse.swt.gtk.aix.ppc64.source" version="3.7.0.v3735b" os="aix" arch="ppc64" ws="gtk" unpack="false" /> 
  <plugin id="org.eclipse.swt.gtk.hpux.ia64_32.source" version="3.7.0.v3735b" os="hpux" arch="ia64_32" ws="gtk" unpack="false" /> 
	<plugin id="org.eclipse.rcp.source" version="3.4.1.R342_v20090205"     unpack="false"/>
	<plugin id="org.eclipse.core.contenttype.source" version="3.3.0.v20080604-1400"     unpack="false"/>
	<plugin id="org.eclipse.equinox.app.source" version="1.1.0.v20080421-2006"     unpack="false"/>
	<plugin id="org.eclipse.equinox.common.source" version="3.4.0.v20080421-2006"     unpack="false"/>
	<plugin id="org.eclipse.equinox.preferences.source" version="3.2.201.R34x_v20080709"     unpack="false"/>
	<plugin id="org.eclipse.equinox.registry.source" version="3.4.0.v20080516-0950"     unpack="false"/>
	<plugin id="org.eclipse.equinox.launcher.source" version="1.0.101.R34x_v20081125"     unpack="false"/>
</feature>
